Name,Publisher__c
F - Monthly Subscription - Collect payment details after installation,Northern Star
Fabi One Time 01,Northern Star
Fabi One Time 03,Northern Star
Fabi One Time 04,Northern Star
AAA LP App,Sprinx Consulting
F - One Time Payment  - Collect payment details after installation,Northern Star
F - One Time Payment  - Collect payment details before installation,Northern Star
Fabi One Time 02,Northern Star
Test Pricing round 2,nCino
Fabi Monthly 01 - Before,Northern Star
Fabi One Time - Company,Northern Star
Partner Listing RG 1,Partner Publishing RG-1
Fabi Company - After Install,Northern Star
Testing Paid Flows,Partner Account
Fabi - One Time - SEPA Payment,Northern Star
appex7.1 custom domain release,KunalPublisher1 Vyas
Unconvert,Hitch2Cloud
Eventgrid,Eventgrid
Task Management,"Touchpoint Solutions, Inc."
Drop my Dossier - document your org with a click of a button,Proximity Insight
stripe test,testingStripe
Lightning Click Button Component,SFDC Click
INVERTO360 (CONVERT ACCOUNTS/CONTACTS BACK TO LEADS),SociumDigital
Tiled for Salesforce,Tiled Inc.
Amazon S3 Connector,DataColada Pty Ltd
BaseCase Connector,BaseCase Management GmbH (Partner Main*)
NUACOM CTI | Click-to-Dial | Call Recording | Telephony | Dialer,NUACOM
JUVENTAS - Object Field Analyzer,Lattice CRM
Drop my Dossier,Proximity Insight
FreshBooks for Salesforce,FreshBooks
Fugent,Fugent
ContractWorks Connector,"SecureDocs, Inc."
Agenta Snap,SpinSci Technologies LLC
Predict,Modern Analytics Corporation
Chatter Auto Translator,"Mercury Project Office, Inc."
Noteninja,Noteninja
MultiTask,IOLITE Solutions
SocialToaster for Salesforce,SocialToaster
"Taveza Lightning Templates - 107 Templates For App, Home and Record Pages",Taveza LLC
"TurnouT - Attendance tracking for classes, events & workshops",Yurgosky
Alex Listing,Audencia
ImageTrust for Salesforce,Image Access Corp
Exactor Sales Tax App,Exactor Inc.
"Ticketbud-Salesforce Connector: Event Management, Ticketing and Registration.",Ticketbud
Tilkee for Salesforce,"TILKEE - Track, predict, close deals!"
AppShark Open SMS Pro,"AppShark Software, Inc."
rakumo Sync,rakumo inc.
Concierge Live App,Concierge Live
Contently,Contently
SmartOffice Connector,EBIX Inc
FreightPrint™ - Manage your freight seamlessly!,FreightPrint
Cervello Highrise Converter,"Cervello, a Kearney company"
OJConnect for OmniJoin,Brother
Melissa Data Business Coder,Melissa
Goldfinch Integration with Microsoft Dynamics NAV,Micro DataNet
Document Extractor built for Salesforce platform™ - Integration with SharePoint,Connecting Software
ICT,KERUN Systems GmbH
Echoware,Echoware
"Business Credit Reports, Inc.: Synergy for Salesforce","Business Credit Reports, Inc."
Greenhouse.io Integration,Mecano Labs
SPOG (Single Pane of Glass),Upsource
Eligibility Checker: Medical insurance eligibility & benefits verification,"Cloud Maven, Inc"
Polytomic for Chat,Polytomic
Flow Masked Input Field,Badgerwise
Visual Compliance™–Verification for Sales,Visual Compliance
TranscendTrade,Transcend Trade
Pscale1.0-lstTest,TNOFW Hack!
Leads Group Pro,CRM Journey (Partner Main*)
Dog Tracker & Client Tracker,Endless Realities Inc
AppOnetimeUser,publisher100 admin
Self Checkout Enabled Listing,Ben's Comp
Gotransverse Intelligent Billing Connector to Salesforce,Gotransverse
Finacast Test,Badan Singh Pundeer
n/a,Melissa
EnthCast: Automated Revenue Scheduling,Enth Solutions Ltd
Place Anywhere Utility Components,iPranay Inc.
OSF LICENSES OPTIMIZER for Salesforce Community Cloud,OSF Digital - A Connected Commerce and Digital Transformation Company
CovrEdge - Generate revenue,Intrigo Systems Inc
patchtest,CMA Inc
ChattoMate - Workflow Automation for Chatter,Proximity Insight
The best listing of ever,CMA Inc
App Listing Test Bug,CMA Inc
Polytomic,Polytomic
Ziwo CTI,Aswat FZ LLC
Akucast | Best Sales Forecasting And Pipeline Management,"Accurate4Cast, Inc."
dCyder,theCodery
e-bot7 Assistant,e-bot7 GmbH
"CloudSync by Cloudely, Inc",InfoComply Corp (Partner Main*)
Rambl,Rambl
OLD_ eSSential LMS,eLogic Learning LLC
Ring my Bell - Celebrate & Gamify Sales & Service,Proximity Insight
CloneRx Pro - Easily clone records and their child records,"CRMPhD, Inc."
VendorPay - Salesforce to Paypal Integration,BlueFire Software
Clean Suite for CRM: All-in-One Data Cleansing App,Melissa
Flowtap,Flowtap
Episerver Campaign,Episerver
Ben's Listing 112234,Ben's Publisher
DataGrail,DataGrail
"Logicpay - Integrated Payments | Credit Card, ACH Processing",Logicfold
Enterprise Archiving & Compliance for Chatter by PageFreezer,PageFreezer
Hilo Plan - AI Assisted Revenue Forecasting & Planning,revVana
Webinfinity PRM Connector for Salesforce,"Webinfinity Americas, Inc"
Budget Manager,Rain Technologies Inc
SurPaaSJtrac,Corent Technology
Ring.io Power Dialer and Call Center for Salesforce,Ring.io
"AutoScribe - Activity, Email Capture & Data Entry for Outlook, Gmail, Office 365",SalesDirector ai
OneReach.ai Event Connector,OneReach.ai
Dialoga PBX for Salesforce,Dialoga
Dialoga ACD for Salesforce,Dialoga
YOVU CTI Dialer - Click to Call - Screen Pop,YOVU Office Phone
packagebased,Corent Technology
RingByName Telephony | Click-to-Call | CTI | Dialer | Recording | Auto-Attendant,RingByName
Inkpact,Inkpact
ServiceAide Connector,"CIGNEX Datamatics, Inc"
"Phone Validation: Provides connected/disconnected, phone type, and carrier id",RealValidation
File Space Saver,ShareMethods
LabPulse,FocalCXM
Judy Diamond Associates - Group Insurance Data Connector,Judy Diamond Associates
Acqueon CTI Connector for Cisco,Acqueon Technologies Inc. (Partner Main*)
Intercall - Increase Productivity By Streamlining Your Team’s Phone Conversation,Fastcall
Modigie,Modigie
Retrieve VTS,"Retrieve Technologies, Inc."
woolloo for Retail,woolloo
Trustfuel,Trustfuel
Revitas ContractWIZE Connector for Salesforce (Contract Lifecycle Management),Revitas Inc.
KSG Kampagnen Tool,Klose und Srocke GmbH
SELECTit,Everyone's Platform
Zultys Communicator for Salesforce (Lightning Ready),"Zultys, Inc."
Strala Integration App,"Strala, Inc"
Support.com,"Support.com, Inc.*"
People.ai,People.ai
Trillium Quality,"Trillium Software, Inc."
Max's Pitch Package,The Max Labs Project
Accord LMS Connector,Accord LMS
Leadership Connect,Leadership Connect
Outcome-Based Selling,"Ecosystems Services, LLC"
Dynamic Flexipages,Wirro Tech
iorad - solution article maker,iorad inc.
JETNET for Salesforce,JETNET LLC
Ostrij - Your Salesforce Integration Tool (Quickbooks/Slack/Stripe/Other),Flok Consulting
iModules Connector,iModules (Partner Main*)
Cadence SMS App,Mongoose
DNC Check - Do Not Call Lookup,RealValidation
Compass for Salesforce,Performance Systems Development
NetExam LMS - Channel Partner & Customer Training and Certification System,Media Defined Inc.
Locus Energy Connector for Salesforce,Locus Energy
Qelp self-service support,Qelp BV
SaleUp Lead Scoring,SaleUp.ai
FUSE Search,FUSE Search
Smart Duplicate Manager | Salesforce Duplicate Management made easy,Peeklogic
Passage AI,Rupert Labs
Service-Flow Integration for BMC RemedyForce,Service-Flow Oy
VerifyTX Health Insurance Verification,SystemsTX
Lead Ratings Predictive Scoring,Lead Ratings
Greater Giving,Greater Giving
FunnelCake for Salesforce,FunnelCake
ActionKit,We Also Walk Dogs
BlueVolt App for Salesforce,BlueVolt LLC
"Harbor - Investment Technology for HFs, PE, and RE",Lenox Park Solutions
VisitDays - Enrollment Solution,VisitDays
AutoBoard Systems,AutoBoard Systems
Multi-Lingual Quote,Lattice CRM
Multi-Lingual Quote Generator old,Lattice CRM
SAASPASS Single Sign-On,SAASPASS (Partner Main*)
Recruiting - Testing - SR,Salesforce SR
Xplore,"Enterprise Beacon,Inc"
Lightning File Manager,Popcornapps Inc
ScoringBar Connector,Superstring Solutions AG
Apty for Salesforce,Apty Inc. (Partner Main*)
SID Online Xporter,Tau Dynamix
AMSTAT for Salesforce,"AMSTAT, Inc."
FCST Revenue Navigator (Lightning version),ForecastEra Inc
10Cast - Improved Deal Management and Sales Forecasting,10Cast Limited
UPTOCLOUD - Acceleration of bespoke apps. Ready Offline & User Adoption Monitor,Makemecloud
Kwanzoo Buyer Insights,Kwanzoo Inc
SalesIntel - Target Your Ideal Prospects & Accelerate Revenue Growth,SalesIntel Research Inc
CompeteIQ,CompeteiQ
Ordway Billing & Revenue Automation,Ordway
Demand Review by DemandBlue,DemandBlue
Baton,Baton Technologies
Contract Wrangler for Salesforce,"Contract Wrangler, Inc."
Connecteur Xivo,Gonexa
QX Care,Quintix Corporation (Partner Main*)
Ultatel integration for salesforce,ULTATEL
Encentivizer by Encentiv Energy,Encentiv Energy
External File Storage,CloudWaveInc
Infoteam Roadmap,White Springs
paid new listing checkout,