Name,BillingLiveAccessToken__c,CheckoutSignUpStatus__c
Northern Star,sk_test_51LjpMaETWVBoTCynk3AVTM38LJX0BJaHIUUDOYhJKQhXyXr8FzIGmZfgExCO6xKyuiF7RLgLqvSEiJ3yXYn0dWpf00KeJDd0YP,Live
Sprinx Consulting,sk_test_51LjpMaETWVBoTCynk3AVTM38LJX0BJaHIUUDOYhJKQhXyXr8FzIGmZfgExCO6xKyuiF7RLgLqvSEiJ3yXYn0dWpf00KeJDd0YP,Live
nCino,sk_test_51LjpMaETWVBoTCynk3AVTM38LJX0BJaHIUUDOYhJKQhXyXr8FzIGmZfgExCO6xKyuiF7RLgLqvSEiJ3yXYn0dWpf00KeJDd0YP,Live
Partner Publishing RG-1,sk_test_51LjpMaETWVBoTCynk3AVTM38LJX0BJaHIUUDOYhJKQhXyXr8FzIGmZfgExCO6xKyuiF7RLgLqvSEiJ3yXYn0dWpf00KeJDd0YP,Live
Partner Account,sk_test_51LjpMaETWVBoTCynk3AVTM38LJX0BJaHIUUDOYhJKQhXyXr8FzIGmZfgExCO6xKyuiF7RLgLqvSEiJ3yXYn0dWpf00KeJDd0YP,Live
KunalPublisher1 Vyas,sk_test_51LjpMaETWVBoTCynk3AVTM38LJX0BJaHIUUDOYhJKQhXyXr8FzIGmZfgExCO6xKyuiF7RLgLqvSEiJ3yXYn0dWpf00KeJDd0YP,Live
Hitch2Cloud,sk_test_51LjpMaETWVBoTCynk3AVTM38LJX0BJaHIUUDOYhJKQhXyXr8FzIGmZfgExCO6xKyuiF7RLgLqvSEiJ3yXYn0dWpf00KeJDd0YP,Live
Eventgrid,sk_test_51LjpMaETWVBoTCynk3AVTM38LJX0BJaHIUUDOYhJKQhXyXr8FzIGmZfgExCO6xKyuiF7RLgLqvSEiJ3yXYn0dWpf00KeJDd0YP,Live
"Touchpoint Solutions, Inc.",sk_test_51LjpMaETWVBoTCynk3AVTM38LJX0BJaHIUUDOYhJKQhXyXr8FzIGmZfgExCO6xKyuiF7RLgLqvSEiJ3yXYn0dWpf00KeJDd0YP,Live
Proximity Insight,sk_test_51LjpMaETWVBoTCynk3AVTM38LJX0BJaHIUUDOYhJKQhXyXr8FzIGmZfgExCO6xKyuiF7RLgLqvSEiJ3yXYn0dWpf00KeJDd0YP,Live
testingStripe,sk_test_51LjpMaETWVBoTCynk3AVTM38LJX0BJaHIUUDOYhJKQhXyXr8FzIGmZfgExCO6xKyuiF7RLgLqvSEiJ3yXYn0dWpf00KeJDd0YP,Live
SFDC Click,sk_test_51LjpMaETWVBoTCynk3AVTM38LJX0BJaHIUUDOYhJKQhXyXr8FzIGmZfgExCO6xKyuiF7RLgLqvSEiJ3yXYn0dWpf00KeJDd0YP,Live
SociumDigital,sk_test_51LjpMaETWVBoTCynk3AVTM38LJX0BJaHIUUDOYhJKQhXyXr8FzIGmZfgExCO6xKyuiF7RLgLqvSEiJ3yXYn0dWpf00KeJDd0YP,Live
Tiled Inc.,sk_test_51LjpMaETWVBoTCynk3AVTM38LJX0BJaHIUUDOYhJKQhXyXr8FzIGmZfgExCO6xKyuiF7RLgLqvSEiJ3yXYn0dWpf00KeJDd0YP,Live
DataColada Pty Ltd,sk_test_51LjpMaETWVBoTCynk3AVTM38LJX0BJaHIUUDOYhJKQhXyXr8FzIGmZfgExCO6xKyuiF7RLgLqvSEiJ3yXYn0dWpf00KeJDd0YP,Live
BaseCase Management GmbH (Partner Main*),sk_test_51LjpMaETWVBoTCynk3AVTM38LJX0BJaHIUUDOYhJKQhXyXr8FzIGmZfgExCO6xKyuiF7RLgLqvSEiJ3yXYn0dWpf00KeJDd0YP,Live
NUACOM,sk_test_51LjpMaETWVBoTCynk3AVTM38LJX0BJaHIUUDOYhJKQhXyXr8FzIGmZfgExCO6xKyuiF7RLgLqvSEiJ3yXYn0dWpf00KeJDd0YP,Live
Lattice CRM,sk_test_51LjpMaETWVBoTCynk3AVTM38LJX0BJaHIUUDOYhJKQhXyXr8FzIGmZfgExCO6xKyuiF7RLgLqvSEiJ3yXYn0dWpf00KeJDd0YP,Live
FreshBooks,sk_test_51LjpMaETWVBoTCynk3AVTM38LJX0BJaHIUUDOYhJKQhXyXr8FzIGmZfgExCO6xKyuiF7RLgLqvSEiJ3yXYn0dWpf00KeJDd0YP,Live
Fugent,sk_test_51LjpMaETWVBoTCynk3AVTM38LJX0BJaHIUUDOYhJKQhXyXr8FzIGmZfgExCO6xKyuiF7RLgLqvSEiJ3yXYn0dWpf00KeJDd0YP,Live
"SecureDocs, Inc.",sk_test_51LjpMaETWVBoTCynk3AVTM38LJX0BJaHIUUDOYhJKQhXyXr8FzIGmZfgExCO6xKyuiF7RLgLqvSEiJ3yXYn0dWpf00KeJDd0YP,Live
SpinSci Technologies LLC,sk_test_51LjpMaETWVBoTCynk3AVTM38LJX0BJaHIUUDOYhJKQhXyXr8FzIGmZfgExCO6xKyuiF7RLgLqvSEiJ3yXYn0dWpf00KeJDd0YP,Live
Modern Analytics Corporation,sk_test_51LjpMaETWVBoTCynk3AVTM38LJX0BJaHIUUDOYhJKQhXyXr8FzIGmZfgExCO6xKyuiF7RLgLqvSEiJ3yXYn0dWpf00KeJDd0YP,Live
"Mercury Project Office, Inc.",sk_test_51LjpMaETWVBoTCynk3AVTM38LJX0BJaHIUUDOYhJKQhXyXr8FzIGmZfgExCO6xKyuiF7RLgLqvSEiJ3yXYn0dWpf00KeJDd0YP,Live
Noteninja,sk_test_51LjpMaETWVBoTCynk3AVTM38LJX0BJaHIUUDOYhJKQhXyXr8FzIGmZfgExCO6xKyuiF7RLgLqvSEiJ3yXYn0dWpf00KeJDd0YP,Live
IOLITE Solutions,sk_test_51LjpMaETWVBoTCynk3AVTM38LJX0BJaHIUUDOYhJKQhXyXr8FzIGmZfgExCO6xKyuiF7RLgLqvSEiJ3yXYn0dWpf00KeJDd0YP,Live
SocialToaster,sk_test_51LjpMaETWVBoTCynk3AVTM38LJX0BJaHIUUDOYhJKQhXyXr8FzIGmZfgExCO6xKyuiF7RLgLqvSEiJ3yXYn0dWpf00KeJDd0YP,Live
Taveza LLC,sk_test_51LjpMaETWVBoTCynk3AVTM38LJX0BJaHIUUDOYhJKQhXyXr8FzIGmZfgExCO6xKyuiF7RLgLqvSEiJ3yXYn0dWpf00KeJDd0YP,Live
Yurgosky,sk_test_51LjpMaETWVBoTCynk3AVTM38LJX0BJaHIUUDOYhJKQhXyXr8FzIGmZfgExCO6xKyuiF7RLgLqvSEiJ3yXYn0dWpf00KeJDd0YP,Live
Audencia,sk_test_51LjpMaETWVBoTCynk3AVTM38LJX0BJaHIUUDOYhJKQhXyXr8FzIGmZfgExCO6xKyuiF7RLgLqvSEiJ3yXYn0dWpf00KeJDd0YP,Live
Image Access Corp,sk_test_51LjpMaETWVBoTCynk3AVTM38LJX0BJaHIUUDOYhJKQhXyXr8FzIGmZfgExCO6xKyuiF7RLgLqvSEiJ3yXYn0dWpf00KeJDd0YP,Live
Exactor Inc.,sk_test_51LjpMaETWVBoTCynk3AVTM38LJX0BJaHIUUDOYhJKQhXyXr8FzIGmZfgExCO6xKyuiF7RLgLqvSEiJ3yXYn0dWpf00KeJDd0YP,Live
Ticketbud,sk_test_51LjpMaETWVBoTCynk3AVTM38LJX0BJaHIUUDOYhJKQhXyXr8FzIGmZfgExCO6xKyuiF7RLgLqvSEiJ3yXYn0dWpf00KeJDd0YP,Live
"TILKEE - Track, predict, close deals!",sk_test_51LjpMaETWVBoTCynk3AVTM38LJX0BJaHIUUDOYhJKQhXyXr8FzIGmZfgExCO6xKyuiF7RLgLqvSEiJ3yXYn0dWpf00KeJDd0YP,Live
"AppShark Software, Inc.",sk_test_51LjpMaETWVBoTCynk3AVTM38LJX0BJaHIUUDOYhJKQhXyXr8FzIGmZfgExCO6xKyuiF7RLgLqvSEiJ3yXYn0dWpf00KeJDd0YP,Live
rakumo inc.,sk_test_51LjpMaETWVBoTCynk3AVTM38LJX0BJaHIUUDOYhJKQhXyXr8FzIGmZfgExCO6xKyuiF7RLgLqvSEiJ3yXYn0dWpf00KeJDd0YP,Live
Concierge Live,sk_test_51LjpMaETWVBoTCynk3AVTM38LJX0BJaHIUUDOYhJKQhXyXr8FzIGmZfgExCO6xKyuiF7RLgLqvSEiJ3yXYn0dWpf00KeJDd0YP,Live
Contently,sk_test_51LjpMaETWVBoTCynk3AVTM38LJX0BJaHIUUDOYhJKQhXyXr8FzIGmZfgExCO6xKyuiF7RLgLqvSEiJ3yXYn0dWpf00KeJDd0YP,Live
EBIX Inc,sk_test_51LjpMaETWVBoTCynk3AVTM38LJX0BJaHIUUDOYhJKQhXyXr8FzIGmZfgExCO6xKyuiF7RLgLqvSEiJ3yXYn0dWpf00KeJDd0YP,Live
FreightPrint,sk_test_51LjpMaETWVBoTCynk3AVTM38LJX0BJaHIUUDOYhJKQhXyXr8FzIGmZfgExCO6xKyuiF7RLgLqvSEiJ3yXYn0dWpf00KeJDd0YP,Live
"Cervello, a Kearney company",sk_test_51LjpMaETWVBoTCynk3AVTM38LJX0BJaHIUUDOYhJKQhXyXr8FzIGmZfgExCO6xKyuiF7RLgLqvSEiJ3yXYn0dWpf00KeJDd0YP,Live
Brother,sk_test_51LjpMaETWVBoTCynk3AVTM38LJX0BJaHIUUDOYhJKQhXyXr8FzIGmZfgExCO6xKyuiF7RLgLqvSEiJ3yXYn0dWpf00KeJDd0YP,Live
Melissa,sk_test_51LjpMaETWVBoTCynk3AVTM38LJX0BJaHIUUDOYhJKQhXyXr8FzIGmZfgExCO6xKyuiF7RLgLqvSEiJ3yXYn0dWpf00KeJDd0YP,Live
Micro DataNet,sk_test_51LjpMaETWVBoTCynk3AVTM38LJX0BJaHIUUDOYhJKQhXyXr8FzIGmZfgExCO6xKyuiF7RLgLqvSEiJ3yXYn0dWpf00KeJDd0YP,Live
Connecting Software,sk_test_51LjpMaETWVBoTCynk3AVTM38LJX0BJaHIUUDOYhJKQhXyXr8FzIGmZfgExCO6xKyuiF7RLgLqvSEiJ3yXYn0dWpf00KeJDd0YP,Live
KERUN Systems GmbH,sk_test_51LjpMaETWVBoTCynk3AVTM38LJX0BJaHIUUDOYhJKQhXyXr8FzIGmZfgExCO6xKyuiF7RLgLqvSEiJ3yXYn0dWpf00KeJDd0YP,Live
Echoware,sk_test_51LjpMaETWVBoTCynk3AVTM38LJX0BJaHIUUDOYhJKQhXyXr8FzIGmZfgExCO6xKyuiF7RLgLqvSEiJ3yXYn0dWpf00KeJDd0YP,Live
"Business Credit Reports, Inc.",sk_test_51LjpMaETWVBoTCynk3AVTM38LJX0BJaHIUUDOYhJKQhXyXr8FzIGmZfgExCO6xKyuiF7RLgLqvSEiJ3yXYn0dWpf00KeJDd0YP,Live
Mecano Labs,sk_test_51LjpMaETWVBoTCynk3AVTM38LJX0BJaHIUUDOYhJKQhXyXr8FzIGmZfgExCO6xKyuiF7RLgLqvSEiJ3yXYn0dWpf00KeJDd0YP,Live
Upsource,sk_test_51LjpMaETWVBoTCynk3AVTM38LJX0BJaHIUUDOYhJKQhXyXr8FzIGmZfgExCO6xKyuiF7RLgLqvSEiJ3yXYn0dWpf00KeJDd0YP,Live
"Cloud Maven, Inc",sk_test_51LjpMaETWVBoTCynk3AVTM38LJX0BJaHIUUDOYhJKQhXyXr8FzIGmZfgExCO6xKyuiF7RLgLqvSEiJ3yXYn0dWpf00KeJDd0YP,Live
Polytomic,sk_test_51LjpMaETWVBoTCynk3AVTM38LJX0BJaHIUUDOYhJKQhXyXr8FzIGmZfgExCO6xKyuiF7RLgLqvSEiJ3yXYn0dWpf00KeJDd0YP,Live
Badgerwise,sk_test_51LjpMaETWVBoTCynk3AVTM38LJX0BJaHIUUDOYhJKQhXyXr8FzIGmZfgExCO6xKyuiF7RLgLqvSEiJ3yXYn0dWpf00KeJDd0YP,Live
Visual Compliance,sk_test_51LjpMaETWVBoTCynk3AVTM38LJX0BJaHIUUDOYhJKQhXyXr8FzIGmZfgExCO6xKyuiF7RLgLqvSEiJ3yXYn0dWpf00KeJDd0YP,Live
Transcend Trade,sk_test_51LjpMaETWVBoTCynk3AVTM38LJX0BJaHIUUDOYhJKQhXyXr8FzIGmZfgExCO6xKyuiF7RLgLqvSEiJ3yXYn0dWpf00KeJDd0YP,Live
TNOFW Hack!,sk_test_51LjpMaETWVBoTCynk3AVTM38LJX0BJaHIUUDOYhJKQhXyXr8FzIGmZfgExCO6xKyuiF7RLgLqvSEiJ3yXYn0dWpf00KeJDd0YP,Live
CRM Journey (Partner Main*),sk_test_51LjpMaETWVBoTCynk3AVTM38LJX0BJaHIUUDOYhJKQhXyXr8FzIGmZfgExCO6xKyuiF7RLgLqvSEiJ3yXYn0dWpf00KeJDd0YP,Live
Endless Realities Inc,sk_test_51LjpMaETWVBoTCynk3AVTM38LJX0BJaHIUUDOYhJKQhXyXr8FzIGmZfgExCO6xKyuiF7RLgLqvSEiJ3yXYn0dWpf00KeJDd0YP,Live
publisher100 admin,sk_test_51LjpMaETWVBoTCynk3AVTM38LJX0BJaHIUUDOYhJKQhXyXr8FzIGmZfgExCO6xKyuiF7RLgLqvSEiJ3yXYn0dWpf00KeJDd0YP,Live
Ben's Comp,sk_test_51LjpMaETWVBoTCynk3AVTM38LJX0BJaHIUUDOYhJKQhXyXr8FzIGmZfgExCO6xKyuiF7RLgLqvSEiJ3yXYn0dWpf00KeJDd0YP,Live
Gotransverse,sk_test_51LjpMaETWVBoTCynk3AVTM38LJX0BJaHIUUDOYhJKQhXyXr8FzIGmZfgExCO6xKyuiF7RLgLqvSEiJ3yXYn0dWpf00KeJDd0YP,Live
Badan Singh Pundeer,sk_test_51LjpMaETWVBoTCynk3AVTM38LJX0BJaHIUUDOYhJKQhXyXr8FzIGmZfgExCO6xKyuiF7RLgLqvSEiJ3yXYn0dWpf00KeJDd0YP,Live
Enth Solutions Ltd,sk_test_51LjpMaETWVBoTCynk3AVTM38LJX0BJaHIUUDOYhJKQhXyXr8FzIGmZfgExCO6xKyuiF7RLgLqvSEiJ3yXYn0dWpf00KeJDd0YP,Live
iPranay Inc.,sk_test_51LjpMaETWVBoTCynk3AVTM38LJX0BJaHIUUDOYhJKQhXyXr8FzIGmZfgExCO6xKyuiF7RLgLqvSEiJ3yXYn0dWpf00KeJDd0YP,Live
OSF Digital - A Connected Commerce and Digital Transformation Company,sk_test_51LjpMaETWVBoTCynk3AVTM38LJX0BJaHIUUDOYhJKQhXyXr8FzIGmZfgExCO6xKyuiF7RLgLqvSEiJ3yXYn0dWpf00KeJDd0YP,Live
Intrigo Systems Inc,sk_test_51LjpMaETWVBoTCynk3AVTM38LJX0BJaHIUUDOYhJKQhXyXr8FzIGmZfgExCO6xKyuiF7RLgLqvSEiJ3yXYn0dWpf00KeJDd0YP,Live
CMA Inc,sk_test_51LjpMaETWVBoTCynk3AVTM38LJX0BJaHIUUDOYhJKQhXyXr8FzIGmZfgExCO6xKyuiF7RLgLqvSEiJ3yXYn0dWpf00KeJDd0YP,Live
Aswat FZ LLC,sk_test_51LjpMaETWVBoTCynk3AVTM38LJX0BJaHIUUDOYhJKQhXyXr8FzIGmZfgExCO6xKyuiF7RLgLqvSEiJ3yXYn0dWpf00KeJDd0YP,Live
"Accurate4Cast, Inc.",sk_test_51LjpMaETWVBoTCynk3AVTM38LJX0BJaHIUUDOYhJKQhXyXr8FzIGmZfgExCO6xKyuiF7RLgLqvSEiJ3yXYn0dWpf00KeJDd0YP,Live
theCodery,sk_test_51LjpMaETWVBoTCynk3AVTM38LJX0BJaHIUUDOYhJKQhXyXr8FzIGmZfgExCO6xKyuiF7RLgLqvSEiJ3yXYn0dWpf00KeJDd0YP,Live
e-bot7 GmbH,sk_test_51LjpMaETWVBoTCynk3AVTM38LJX0BJaHIUUDOYhJKQhXyXr8FzIGmZfgExCO6xKyuiF7RLgLqvSEiJ3yXYn0dWpf00KeJDd0YP,Live
InfoComply Corp (Partner Main*),,
Rambl,sk_test_51LjpMaETWVBoTCynk3AVTM38LJX0BJaHIUUDOYhJKQhXyXr8FzIGmZfgExCO6xKyuiF7RLgLqvSEiJ3yXYn0dWpf00KeJDd0YP,Live
eLogic Learning LLC,sk_test_51LjpMaETWVBoTCynk3AVTM38LJX0BJaHIUUDOYhJKQhXyXr8FzIGmZfgExCO6xKyuiF7RLgLqvSEiJ3yXYn0dWpf00KeJDd0YP,Live
"CRMPhD, Inc.",sk_test_51LjpMaETWVBoTCynk3AVTM38LJX0BJaHIUUDOYhJKQhXyXr8FzIGmZfgExCO6xKyuiF7RLgLqvSEiJ3yXYn0dWpf00KeJDd0YP,Live
BlueFire Software,sk_test_51LjpMaETWVBoTCynk3AVTM38LJX0BJaHIUUDOYhJKQhXyXr8FzIGmZfgExCO6xKyuiF7RLgLqvSEiJ3yXYn0dWpf00KeJDd0YP,Live
Flowtap,sk_test_51LjpMaETWVBoTCynk3AVTM38LJX0BJaHIUUDOYhJKQhXyXr8FzIGmZfgExCO6xKyuiF7RLgLqvSEiJ3yXYn0dWpf00KeJDd0YP,Live
Episerver,sk_test_51LjpMaETWVBoTCynk3AVTM38LJX0BJaHIUUDOYhJKQhXyXr8FzIGmZfgExCO6xKyuiF7RLgLqvSEiJ3yXYn0dWpf00KeJDd0YP,Live
Ben's Publisher,sk_test_51LjpMaETWVBoTCynk3AVTM38LJX0BJaHIUUDOYhJKQhXyXr8FzIGmZfgExCO6xKyuiF7RLgLqvSEiJ3yXYn0dWpf00KeJDd0YP,Live
DataGrail,sk_test_51LjpMaETWVBoTCynk3AVTM38LJX0BJaHIUUDOYhJKQhXyXr8FzIGmZfgExCO6xKyuiF7RLgLqvSEiJ3yXYn0dWpf00KeJDd0YP,Live
Logicfold,sk_test_51LjpMaETWVBoTCynk3AVTM38LJX0BJaHIUUDOYhJKQhXyXr8FzIGmZfgExCO6xKyuiF7RLgLqvSEiJ3yXYn0dWpf00KeJDd0YP,Live
PageFreezer,sk_test_51LjpMaETWVBoTCynk3AVTM38LJX0BJaHIUUDOYhJKQhXyXr8FzIGmZfgExCO6xKyuiF7RLgLqvSEiJ3yXYn0dWpf00KeJDd0YP,Live
revVana,sk_test_51LjpMaETWVBoTCynk3AVTM38LJX0BJaHIUUDOYhJKQhXyXr8FzIGmZfgExCO6xKyuiF7RLgLqvSEiJ3yXYn0dWpf00KeJDd0YP,Live
"Webinfinity Americas, Inc",sk_test_51LjpMaETWVBoTCynk3AVTM38LJX0BJaHIUUDOYhJKQhXyXr8FzIGmZfgExCO6xKyuiF7RLgLqvSEiJ3yXYn0dWpf00KeJDd0YP,Live
Rain Technologies Inc,sk_test_51LjpMaETWVBoTCynk3AVTM38LJX0BJaHIUUDOYhJKQhXyXr8FzIGmZfgExCO6xKyuiF7RLgLqvSEiJ3yXYn0dWpf00KeJDd0YP,Live
Corent Technology,sk_test_51LjpMaETWVBoTCynk3AVTM38LJX0BJaHIUUDOYhJKQhXyXr8FzIGmZfgExCO6xKyuiF7RLgLqvSEiJ3yXYn0dWpf00KeJDd0YP,Live
Ring.io,sk_test_51LjpMaETWVBoTCynk3AVTM38LJX0BJaHIUUDOYhJKQhXyXr8FzIGmZfgExCO6xKyuiF7RLgLqvSEiJ3yXYn0dWpf00KeJDd0YP,Live
SalesDirector ai,sk_test_51LjpMaETWVBoTCynk3AVTM38LJX0BJaHIUUDOYhJKQhXyXr8FzIGmZfgExCO6xKyuiF7RLgLqvSEiJ3yXYn0dWpf00KeJDd0YP,Live
OneReach.ai,sk_test_51LjpMaETWVBoTCynk3AVTM38LJX0BJaHIUUDOYhJKQhXyXr8FzIGmZfgExCO6xKyuiF7RLgLqvSEiJ3yXYn0dWpf00KeJDd0YP,Live
Dialoga,sk_test_51LjpMaETWVBoTCynk3AVTM38LJX0BJaHIUUDOYhJKQhXyXr8FzIGmZfgExCO6xKyuiF7RLgLqvSEiJ3yXYn0dWpf00KeJDd0YP,Live
YOVU Office Phone,sk_test_51LjpMaETWVBoTCynk3AVTM38LJX0BJaHIUUDOYhJKQhXyXr8FzIGmZfgExCO6xKyuiF7RLgLqvSEiJ3yXYn0dWpf00KeJDd0YP,Live
RingByName,sk_test_51LjpMaETWVBoTCynk3AVTM38LJX0BJaHIUUDOYhJKQhXyXr8FzIGmZfgExCO6xKyuiF7RLgLqvSEiJ3yXYn0dWpf00KeJDd0YP,Live
Inkpact,sk_test_51LjpMaETWVBoTCynk3AVTM38LJX0BJaHIUUDOYhJKQhXyXr8FzIGmZfgExCO6xKyuiF7RLgLqvSEiJ3yXYn0dWpf00KeJDd0YP,Live
"CIGNEX Datamatics, Inc",sk_test_51LjpMaETWVBoTCynk3AVTM38LJX0BJaHIUUDOYhJKQhXyXr8FzIGmZfgExCO6xKyuiF7RLgLqvSEiJ3yXYn0dWpf00KeJDd0YP,Live
RealValidation,sk_test_51LjpMaETWVBoTCynk3AVTM38LJX0BJaHIUUDOYhJKQhXyXr8FzIGmZfgExCO6xKyuiF7RLgLqvSEiJ3yXYn0dWpf00KeJDd0YP,Live
ShareMethods,sk_test_51LjpMaETWVBoTCynk3AVTM38LJX0BJaHIUUDOYhJKQhXyXr8FzIGmZfgExCO6xKyuiF7RLgLqvSEiJ3yXYn0dWpf00KeJDd0YP,Live
FocalCXM,sk_test_51LjpMaETWVBoTCynk3AVTM38LJX0BJaHIUUDOYhJKQhXyXr8FzIGmZfgExCO6xKyuiF7RLgLqvSEiJ3yXYn0dWpf00KeJDd0YP,Live
Judy Diamond Associates,sk_test_51LjpMaETWVBoTCynk3AVTM38LJX0BJaHIUUDOYhJKQhXyXr8FzIGmZfgExCO6xKyuiF7RLgLqvSEiJ3yXYn0dWpf00KeJDd0YP,Live
Acqueon Technologies Inc. (Partner Main*),sk_test_51LjpMaETWVBoTCynk3AVTM38LJX0BJaHIUUDOYhJKQhXyXr8FzIGmZfgExCO6xKyuiF7RLgLqvSEiJ3yXYn0dWpf00KeJDd0YP,Live
Fastcall,sk_test_51LjpMaETWVBoTCynk3AVTM38LJX0BJaHIUUDOYhJKQhXyXr8FzIGmZfgExCO6xKyuiF7RLgLqvSEiJ3yXYn0dWpf00KeJDd0YP,Live
Modigie,sk_test_51LjpMaETWVBoTCynk3AVTM38LJX0BJaHIUUDOYhJKQhXyXr8FzIGmZfgExCO6xKyuiF7RLgLqvSEiJ3yXYn0dWpf00KeJDd0YP,Live
"Retrieve Technologies, Inc.",sk_test_51LjpMaETWVBoTCynk3AVTM38LJX0BJaHIUUDOYhJKQhXyXr8FzIGmZfgExCO6xKyuiF7RLgLqvSEiJ3yXYn0dWpf00KeJDd0YP,Live
woolloo,sk_test_51LjpMaETWVBoTCynk3AVTM38LJX0BJaHIUUDOYhJKQhXyXr8FzIGmZfgExCO6xKyuiF7RLgLqvSEiJ3yXYn0dWpf00KeJDd0YP,Live
Trustfuel,sk_test_51LjpMaETWVBoTCynk3AVTM38LJX0BJaHIUUDOYhJKQhXyXr8FzIGmZfgExCO6xKyuiF7RLgLqvSEiJ3yXYn0dWpf00KeJDd0YP,Live
Revitas Inc.,sk_test_51LjpMaETWVBoTCynk3AVTM38LJX0BJaHIUUDOYhJKQhXyXr8FzIGmZfgExCO6xKyuiF7RLgLqvSEiJ3yXYn0dWpf00KeJDd0YP,Live
Klose und Srocke GmbH,sk_test_51LjpMaETWVBoTCynk3AVTM38LJX0BJaHIUUDOYhJKQhXyXr8FzIGmZfgExCO6xKyuiF7RLgLqvSEiJ3yXYn0dWpf00KeJDd0YP,Live
Everyone's Platform,sk_test_51LjpMaETWVBoTCynk3AVTM38LJX0BJaHIUUDOYhJKQhXyXr8FzIGmZfgExCO6xKyuiF7RLgLqvSEiJ3yXYn0dWpf00KeJDd0YP,Live
"Zultys, Inc.",sk_test_51LjpMaETWVBoTCynk3AVTM38LJX0BJaHIUUDOYhJKQhXyXr8FzIGmZfgExCO6xKyuiF7RLgLqvSEiJ3yXYn0dWpf00KeJDd0YP,Live
"Strala, Inc",sk_test_51LjpMaETWVBoTCynk3AVTM38LJX0BJaHIUUDOYhJKQhXyXr8FzIGmZfgExCO6xKyuiF7RLgLqvSEiJ3yXYn0dWpf00KeJDd0YP,Live
"Support.com, Inc.*",sk_test_51LjpMaETWVBoTCynk3AVTM38LJX0BJaHIUUDOYhJKQhXyXr8FzIGmZfgExCO6xKyuiF7RLgLqvSEiJ3yXYn0dWpf00KeJDd0YP,Live
People.ai,sk_test_51LjpMaETWVBoTCynk3AVTM38LJX0BJaHIUUDOYhJKQhXyXr8FzIGmZfgExCO6xKyuiF7RLgLqvSEiJ3yXYn0dWpf00KeJDd0YP,Live
"Trillium Software, Inc.",sk_test_51LjpMaETWVBoTCynk3AVTM38LJX0BJaHIUUDOYhJKQhXyXr8FzIGmZfgExCO6xKyuiF7RLgLqvSEiJ3yXYn0dWpf00KeJDd0YP,Live
The Max Labs Project,sk_test_51LjpMaETWVBoTCynk3AVTM38LJX0BJaHIUUDOYhJKQhXyXr8FzIGmZfgExCO6xKyuiF7RLgLqvSEiJ3yXYn0dWpf00KeJDd0YP,Live
Accord LMS,sk_test_51LjpMaETWVBoTCynk3AVTM38LJX0BJaHIUUDOYhJKQhXyXr8FzIGmZfgExCO6xKyuiF7RLgLqvSEiJ3yXYn0dWpf00KeJDd0YP,Live
Leadership Connect,sk_test_51LjpMaETWVBoTCynk3AVTM38LJX0BJaHIUUDOYhJKQhXyXr8FzIGmZfgExCO6xKyuiF7RLgLqvSEiJ3yXYn0dWpf00KeJDd0YP,Live
"Ecosystems Services, LLC",sk_test_51LjpMaETWVBoTCynk3AVTM38LJX0BJaHIUUDOYhJKQhXyXr8FzIGmZfgExCO6xKyuiF7RLgLqvSEiJ3yXYn0dWpf00KeJDd0YP,Live
Wirro Tech,sk_test_51LjpMaETWVBoTCynk3AVTM38LJX0BJaHIUUDOYhJKQhXyXr8FzIGmZfgExCO6xKyuiF7RLgLqvSEiJ3yXYn0dWpf00KeJDd0YP,Live
iorad inc.,sk_test_51LjpMaETWVBoTCynk3AVTM38LJX0BJaHIUUDOYhJKQhXyXr8FzIGmZfgExCO6xKyuiF7RLgLqvSEiJ3yXYn0dWpf00KeJDd0YP,Live
JETNET LLC,sk_test_51LjpMaETWVBoTCynk3AVTM38LJX0BJaHIUUDOYhJKQhXyXr8FzIGmZfgExCO6xKyuiF7RLgLqvSEiJ3yXYn0dWpf00KeJDd0YP,Live
Flok Consulting,sk_test_51LjpMaETWVBoTCynk3AVTM38LJX0BJaHIUUDOYhJKQhXyXr8FzIGmZfgExCO6xKyuiF7RLgLqvSEiJ3yXYn0dWpf00KeJDd0YP,Live
iModules (Partner Main*),sk_test_51LjpMaETWVBoTCynk3AVTM38LJX0BJaHIUUDOYhJKQhXyXr8FzIGmZfgExCO6xKyuiF7RLgLqvSEiJ3yXYn0dWpf00KeJDd0YP,Live
Mongoose,sk_test_51LjpMaETWVBoTCynk3AVTM38LJX0BJaHIUUDOYhJKQhXyXr8FzIGmZfgExCO6xKyuiF7RLgLqvSEiJ3yXYn0dWpf00KeJDd0YP,Live
Performance Systems Development,sk_test_51LjpMaETWVBoTCynk3AVTM38LJX0BJaHIUUDOYhJKQhXyXr8FzIGmZfgExCO6xKyuiF7RLgLqvSEiJ3yXYn0dWpf00KeJDd0YP,Live
Media Defined Inc.,sk_test_51LjpMaETWVBoTCynk3AVTM38LJX0BJaHIUUDOYhJKQhXyXr8FzIGmZfgExCO6xKyuiF7RLgLqvSEiJ3yXYn0dWpf00KeJDd0YP,Live
Locus Energy,sk_test_51LjpMaETWVBoTCynk3AVTM38LJX0BJaHIUUDOYhJKQhXyXr8FzIGmZfgExCO6xKyuiF7RLgLqvSEiJ3yXYn0dWpf00KeJDd0YP,Live
Qelp BV,sk_test_51LjpMaETWVBoTCynk3AVTM38LJX0BJaHIUUDOYhJKQhXyXr8FzIGmZfgExCO6xKyuiF7RLgLqvSEiJ3yXYn0dWpf00KeJDd0YP,Live
SaleUp.ai,sk_test_51LjpMaETWVBoTCynk3AVTM38LJX0BJaHIUUDOYhJKQhXyXr8FzIGmZfgExCO6xKyuiF7RLgLqvSEiJ3yXYn0dWpf00KeJDd0YP,Live
FUSE Search,sk_test_51LjpMaETWVBoTCynk3AVTM38LJX0BJaHIUUDOYhJKQhXyXr8FzIGmZfgExCO6xKyuiF7RLgLqvSEiJ3yXYn0dWpf00KeJDd0YP,Live
Peeklogic,sk_test_51LjpMaETWVBoTCynk3AVTM38LJX0BJaHIUUDOYhJKQhXyXr8FzIGmZfgExCO6xKyuiF7RLgLqvSEiJ3yXYn0dWpf00KeJDd0YP,Live
Rupert Labs,sk_test_51LjpMaETWVBoTCynk3AVTM38LJX0BJaHIUUDOYhJKQhXyXr8FzIGmZfgExCO6xKyuiF7RLgLqvSEiJ3yXYn0dWpf00KeJDd0YP,Live
Service-Flow Oy,sk_test_51LjpMaETWVBoTCynk3AVTM38LJX0BJaHIUUDOYhJKQhXyXr8FzIGmZfgExCO6xKyuiF7RLgLqvSEiJ3yXYn0dWpf00KeJDd0YP,Live
SystemsTX,sk_test_51LjpMaETWVBoTCynk3AVTM38LJX0BJaHIUUDOYhJKQhXyXr8FzIGmZfgExCO6xKyuiF7RLgLqvSEiJ3yXYn0dWpf00KeJDd0YP,Live
Lead Ratings,sk_test_51LjpMaETWVBoTCynk3AVTM38LJX0BJaHIUUDOYhJKQhXyXr8FzIGmZfgExCO6xKyuiF7RLgLqvSEiJ3yXYn0dWpf00KeJDd0YP,Live
Greater Giving,sk_test_51LjpMaETWVBoTCynk3AVTM38LJX0BJaHIUUDOYhJKQhXyXr8FzIGmZfgExCO6xKyuiF7RLgLqvSEiJ3yXYn0dWpf00KeJDd0YP,Live
FunnelCake,sk_test_51LjpMaETWVBoTCynk3AVTM38LJX0BJaHIUUDOYhJKQhXyXr8FzIGmZfgExCO6xKyuiF7RLgLqvSEiJ3yXYn0dWpf00KeJDd0YP,Live
We Also Walk Dogs,sk_test_51LjpMaETWVBoTCynk3AVTM38LJX0BJaHIUUDOYhJKQhXyXr8FzIGmZfgExCO6xKyuiF7RLgLqvSEiJ3yXYn0dWpf00KeJDd0YP,Live
BlueVolt LLC,sk_test_51LjpMaETWVBoTCynk3AVTM38LJX0BJaHIUUDOYhJKQhXyXr8FzIGmZfgExCO6xKyuiF7RLgLqvSEiJ3yXYn0dWpf00KeJDd0YP,Live
Lenox Park Solutions,sk_test_51LjpMaETWVBoTCynk3AVTM38LJX0BJaHIUUDOYhJKQhXyXr8FzIGmZfgExCO6xKyuiF7RLgLqvSEiJ3yXYn0dWpf00KeJDd0YP,Live
VisitDays,sk_test_51LjpMaETWVBoTCynk3AVTM38LJX0BJaHIUUDOYhJKQhXyXr8FzIGmZfgExCO6xKyuiF7RLgLqvSEiJ3yXYn0dWpf00KeJDd0YP,Live
AutoBoard Systems,sk_test_51LjpMaETWVBoTCynk3AVTM38LJX0BJaHIUUDOYhJKQhXyXr8FzIGmZfgExCO6xKyuiF7RLgLqvSEiJ3yXYn0dWpf00KeJDd0YP,Live
SAASPASS (Partner Main*),sk_test_51LjpMaETWVBoTCynk3AVTM38LJX0BJaHIUUDOYhJKQhXyXr8FzIGmZfgExCO6xKyuiF7RLgLqvSEiJ3yXYn0dWpf00KeJDd0YP,Live
Salesforce SR,sk_test_51LjpMaETWVBoTCynk3AVTM38LJX0BJaHIUUDOYhJKQhXyXr8FzIGmZfgExCO6xKyuiF7RLgLqvSEiJ3yXYn0dWpf00KeJDd0YP,Live
"Enterprise Beacon,Inc",sk_test_51LjpMaETWVBoTCynk3AVTM38LJX0BJaHIUUDOYhJKQhXyXr8FzIGmZfgExCO6xKyuiF7RLgLqvSEiJ3yXYn0dWpf00KeJDd0YP,Live
Popcornapps Inc,sk_test_51LjpMaETWVBoTCynk3AVTM38LJX0BJaHIUUDOYhJKQhXyXr8FzIGmZfgExCO6xKyuiF7RLgLqvSEiJ3yXYn0dWpf00KeJDd0YP,Live
Superstring Solutions AG,sk_test_51LjpMaETWVBoTCynk3AVTM38LJX0BJaHIUUDOYhJKQhXyXr8FzIGmZfgExCO6xKyuiF7RLgLqvSEiJ3yXYn0dWpf00KeJDd0YP,Live
Apty Inc. (Partner Main*),sk_test_51LjpMaETWVBoTCynk3AVTM38LJX0BJaHIUUDOYhJKQhXyXr8FzIGmZfgExCO6xKyuiF7RLgLqvSEiJ3yXYn0dWpf00KeJDd0YP,Live
Tau Dynamix,sk_test_51LjpMaETWVBoTCynk3AVTM38LJX0BJaHIUUDOYhJKQhXyXr8FzIGmZfgExCO6xKyuiF7RLgLqvSEiJ3yXYn0dWpf00KeJDd0YP,Live
"AMSTAT, Inc.",sk_test_51LjpMaETWVBoTCynk3AVTM38LJX0BJaHIUUDOYhJKQhXyXr8FzIGmZfgExCO6xKyuiF7RLgLqvSEiJ3yXYn0dWpf00KeJDd0YP,Live
ForecastEra Inc,sk_test_51LjpMaETWVBoTCynk3AVTM38LJX0BJaHIUUDOYhJKQhXyXr8FzIGmZfgExCO6xKyuiF7RLgLqvSEiJ3yXYn0dWpf00KeJDd0YP,Live
10Cast Limited,sk_test_51LjpMaETWVBoTCynk3AVTM38LJX0BJaHIUUDOYhJKQhXyXr8FzIGmZfgExCO6xKyuiF7RLgLqvSEiJ3yXYn0dWpf00KeJDd0YP,Live
Makemecloud,sk_test_51LjpMaETWVBoTCynk3AVTM38LJX0BJaHIUUDOYhJKQhXyXr8FzIGmZfgExCO6xKyuiF7RLgLqvSEiJ3yXYn0dWpf00KeJDd0YP,Live
Kwanzoo Inc,sk_test_51LjpMaETWVBoTCynk3AVTM38LJX0BJaHIUUDOYhJKQhXyXr8FzIGmZfgExCO6xKyuiF7RLgLqvSEiJ3yXYn0dWpf00KeJDd0YP,Live
SalesIntel Research Inc,sk_test_51LjpMaETWVBoTCynk3AVTM38LJX0BJaHIUUDOYhJKQhXyXr8FzIGmZfgExCO6xKyuiF7RLgLqvSEiJ3yXYn0dWpf00KeJDd0YP,Live
CompeteiQ,sk_test_51LjpMaETWVBoTCynk3AVTM38LJX0BJaHIUUDOYhJKQhXyXr8FzIGmZfgExCO6xKyuiF7RLgLqvSEiJ3yXYn0dWpf00KeJDd0YP,Live
Ordway,sk_test_51LjpMaETWVBoTCynk3AVTM38LJX0BJaHIUUDOYhJKQhXyXr8FzIGmZfgExCO6xKyuiF7RLgLqvSEiJ3yXYn0dWpf00KeJDd0YP,Live
DemandBlue,sk_test_51LjpMaETWVBoTCynk3AVTM38LJX0BJaHIUUDOYhJKQhXyXr8FzIGmZfgExCO6xKyuiF7RLgLqvSEiJ3yXYn0dWpf00KeJDd0YP,Live
Baton Technologies,sk_test_51LjpMaETWVBoTCynk3AVTM38LJX0BJaHIUUDOYhJKQhXyXr8FzIGmZfgExCO6xKyuiF7RLgLqvSEiJ3yXYn0dWpf00KeJDd0YP,Live
"Contract Wrangler, Inc.",sk_test_51LjpMaETWVBoTCynk3AVTM38LJX0BJaHIUUDOYhJKQhXyXr8FzIGmZfgExCO6xKyuiF7RLgLqvSEiJ3yXYn0dWpf00KeJDd0YP,Live
Gonexa,sk_test_51LjpMaETWVBoTCynk3AVTM38LJX0BJaHIUUDOYhJKQhXyXr8FzIGmZfgExCO6xKyuiF7RLgLqvSEiJ3yXYn0dWpf00KeJDd0YP,Live
Quintix Corporation (Partner Main*),sk_test_51LjpMaETWVBoTCynk3AVTM38LJX0BJaHIUUDOYhJKQhXyXr8FzIGmZfgExCO6xKyuiF7RLgLqvSEiJ3yXYn0dWpf00KeJDd0YP,Live
ULTATEL,sk_test_51LjpMaETWVBoTCynk3AVTM38LJX0BJaHIUUDOYhJKQhXyXr8FzIGmZfgExCO6xKyuiF7RLgLqvSEiJ3yXYn0dWpf00KeJDd0YP,Live
Encentiv Energy,sk_test_51LjpMaETWVBoTCynk3AVTM38LJX0BJaHIUUDOYhJKQhXyXr8FzIGmZfgExCO6xKyuiF7RLgLqvSEiJ3yXYn0dWpf00KeJDd0YP,Live
CloudWaveInc,sk_test_51LjpMaETWVBoTCynk3AVTM38LJX0BJaHIUUDOYhJKQhXyXr8FzIGmZfgExCO6xKyuiF7RLgLqvSEiJ3yXYn0dWpf00KeJDd0YP,Live
White Springs,sk_test_51LjpMaETWVBoTCynk3AVTM38LJX0BJaHIUUDOYhJKQhXyXr8FzIGmZfgExCO6xKyuiF7RLgLqvSEiJ3yXYn0dWpf00KeJDd0YP,Live